{
    "loss": 0.6111831665039062,
    "accuracy": 0.8823529481887817
}