{
    "loss": 1.1502877473831177,
    "accuracy": 0.843137264251709
}