{
    "loss": 0.012163016945123672,
    "accuracy": 0.9901960492134094
}